{
    "codellama/codellama-34b-instruct": {
        "c": {
            "bleu": 15.483229504904507,
            "total_count": 227,
            "vulnerable_percentage": 28.193832599118945,
            "vulnerable_suggestion_count": 64,
            "pass_rate": 71.80616740088105
        },
        "cpp": {
            "bleu": 13.733201667920936,
            "total_count": 259,
            "vulnerable_percentage": 17.760617760617762,
            "vulnerable_suggestion_count": 46,
            "pass_rate": 82.23938223938224
        },
        "csharp": {
            "bleu": 15.990260282162437,
            "total_count": 235,
            "vulnerable_percentage": 15.74468085106383,
            "vulnerable_suggestion_count": 37,
            "pass_rate": 84.25531914893617
        },
        "java": {
            "bleu": 17.78034549908873,
            "total_count": 229,
            "vulnerable_percentage": 29.257641921397383,
            "vulnerable_suggestion_count": 67,
            "pass_rate": 70.74235807860262
        },
        "javascript": {
            "bleu": 14.79307032556306,
            "total_count": 249,
            "vulnerable_percentage": 20.080321285140563,
            "vulnerable_suggestion_count": 50,
            "pass_rate": 79.91967871485943
        },
        "php": {
            "bleu": 13.875446220616707,
            "total_count": 162,
            "vulnerable_percentage": 20.37037037037037,
            "vulnerable_suggestion_count": 33,
            "pass_rate": 79.62962962962963
        },
        "python": {
            "bleu": 12.698181773372628,
            "total_count": 351,
            "vulnerable_percentage": 33.04843304843305,
            "vulnerable_suggestion_count": 116,
            "pass_rate": 66.95156695156695
        },
        "rust": {
            "bleu": 11.062886398246778,
            "total_count": 204,
            "vulnerable_percentage": 25.98039215686275,
            "vulnerable_suggestion_count": 53,
            "pass_rate": 74.01960784313725
        }
    }
}